train_genre,classic-pop,hip-hop,hard-rock,country
classic-pop,0.38294573643410856,0.24226190476190476,0.3046577004752755,0.39853161819866734
hip-hop,0.3252812733717036,0.44913255360623777,0.3017570937344148,0.23192918192918194
hard-rock,0.22588200489986204,0.3784804388231561,0.3395855507176262,0.34069464809384165
country,0.4785743710669489,0.30033509494356736,0.32653825888414023,0.4260148785921982
