{
  "classic-pop": {
    "classic-pop": {
      "macro_f1": 0.38294573643410856,
      "weighted_f1": 0.4996361335231767,
      "macro_precision": 0.3758984725965858,
      "macro_recall": 0.3933066361556064,
      "per_emotion_f1": {
        "angry": 0.0,
        "happy": 0.46511627906976744,
        "relaxed": 0.6666666666666666,
        "sad": 0.4
      },
      "per_emotion_precision": {
        "angry": 0.0,
        "happy": 0.5,
        "relaxed": 0.6226415094339622,
        "sad": 0.38095238095238093
      },
      "per_emotion_recall": {
        "angry": 0.0,
        "happy": 0.43478260869565216,
        "relaxed": 0.717391304347826,
        "sad": 0.42105263157894735
      },
      "confusion_matrix": [
        [
          0,
          3,
          2,
          5
        ],
        [
          2,
          10,
          8,
          3
        ],
        [
          1,
          7,
          33,
          5
        ],
        [
          1,
          0,
          10,
          8
        ]
      ],
      "labels": [
        "angry",
        "happy",
        "relaxed",
        "sad"
      ],
      "support": {
        "angry": 10,
        "happy": 23,
        "relaxed": 46,
        "sad": 19
      }
    },
    "hip-hop": {
      "macro_f1": 0.24226190476190476,
      "weighted_f1": 0.25845238095238093,
      "macro_precision": 0.3515641616448068,
      "macro_recall": 0.35240259740259744,
      "per_emotion_f1": {
        "angry": 0.26666666666666666,
        "happy": 0.32142857142857145,
        "relaxed": 0.2857142857142857,
        "sad": 0.09523809523809523
      },
      "per_emotion_precision": {
        "angry": 0.8,
        "happy": 0.2903225806451613,
        "relaxed": 0.17307692307692307,
        "sad": 0.14285714285714285
      },
      "per_emotion_recall": {
        "angry": 0.16,
        "happy": 0.36,
        "relaxed": 0.8181818181818182,
        "sad": 0.07142857142857142
      },
      "confusion_matrix": [
        [
          8,
          17,
          21,
          4
        ],
        [
          2,
          9,
          12,
          2
        ],
        [
          0,
          2,
          9,
          0
        ],
        [
          0,
          3,
          10,
          1
        ]
      ],
      "labels": [
        "angry",
        "happy",
        "relaxed",
        "sad"
      ],
      "support": {
        "angry": 50,
        "happy": 25,
        "relaxed": 11,
        "sad": 14
      }
    },
    "hard-rock": {
      "macro_f1": 0.3046577004752755,
      "weighted_f1": 0.2778064557829016,
      "macro_precision": 0.3077465834818776,
      "macro_recall": 0.3675595238095238,
      "per_emotion_f1": {
        "angry": 0.1724137931034483,
        "happy": 0.3225806451612903,
        "relaxed": 0.36363636363636365,
        "sad": 0.36
      },
      "per_emotion_precision": {
        "angry": 0.2777777777777778,
        "happy": 0.29411764705882354,
        "relaxed": 0.25,
        "sad": 0.4090909090909091
      },
      "per_emotion_recall": {
        "angry": 0.125,
        "happy": 0.35714285714285715,
        "relaxed": 0.6666666666666666,
        "sad": 0.32142857142857145
      },
      "confusion_matrix": [
        [
          5,
          7,
          17,
          11
        ],
        [
          3,
          5,
          5,
          1
        ],
        [
          2,
          2,
          10,
          1
        ],
        [
          8,
          3,
          8,
          9
        ]
      ],
      "labels": [
        "angry",
        "happy",
        "relaxed",
        "sad"
      ],
      "support": {
        "angry": 40,
        "happy": 14,
        "relaxed": 15,
        "sad": 28
      }
    },
    "country": {
      "macro_f1": 0.39853161819866734,
      "weighted_f1": 0.4793838900901696,
      "macro_precision": 0.4223267154301637,
      "macro_recall": 0.40183982683982683,
      "per_emotion_f1": {
        "angry": 0.16666666666666666,
        "happy": 0.3225806451612903,
        "relaxed": 0.6862745098039216,
        "sad": 0.4186046511627907
      },
      "per_emotion_precision": {
        "angry": 0.2222222222222222,
        "happy": 0.45454545454545453,
        "relaxed": 0.603448275862069,
        "sad": 0.4090909090909091
      },
      "per_emotion_recall": {
        "angry": 0.13333333333333333,
        "happy": 0.25,
        "relaxed": 0.7954545454545454,
        "sad": 0.42857142857142855
      },
      "confusion_matrix": [
        [
          2,
          3,
          5,
          5
        ],
        [
          3,
          5,
          9,
          3
        ],
        [
          3,
          1,
          35,
          5
        ],
        [
          1,
          2,
          9,
          9
        ]
      ],
      "labels": [
        "angry",
        "happy",
        "relaxed",
        "sad"
      ],
      "support": {
        "angry": 15,
        "happy": 20,
        "relaxed": 44,
        "sad": 21
      }
    }
  },
  "hip-hop": {
    "classic-pop": {
      "macro_f1": 0.3252812733717036,
      "weighted_f1": 0.3313204220328264,
      "macro_precision": 0.3802579365079365,
      "macro_recall": 0.3787185354691075,
      "per_emotion_f1": {
        "angry": 0.29411764705882354,
        "happy": 0.38235294117647056,
        "relaxed": 0.3283582089552239,
        "sad": 0.2962962962962963
      },
      "per_emotion_precision": {
        "angry": 0.20833333333333334,
        "happy": 0.28888888888888886,
        "relaxed": 0.5238095238095238,
        "sad": 0.5
      },
      "per_emotion_recall": {
        "angry": 0.5,
        "happy": 0.5652173913043478,
        "relaxed": 0.2391304347826087,
        "sad": 0.21052631578947367
      },
      "confusion_matrix": [
        [
          5,
          2,
          2,
          1
        ],
        [
          4,
          13,
          6,
          0
        ],
        [
          8,
          24,
          11,
          3
        ],
        [
          7,
          6,
          2,
          4
        ]
      ],
      "labels": [
        "angry",
        "happy",
        "relaxed",
        "sad"
      ],
      "support": {
        "angry": 10,
        "happy": 23,
        "relaxed": 46,
        "sad": 19
      }
    },
    "hip-hop": {
      "macro_f1": 0.44913255360623777,
      "weighted_f1": 0.5637072124756335,
      "macro_precision": 0.46478039389396214,
      "macro_recall": 0.44175324675324673,
      "per_emotion_f1": {
        "angry": 0.7407407407407407,
        "happy": 0.5,
        "relaxed": 0.3157894736842105,
        "sad": 0.24
      },
      "per_emotion_precision": {
        "angry": 0.6896551724137931,
        "happy": 0.5217391304347826,
        "relaxed": 0.375,
        "sad": 0.2727272727272727
      },
      "per_emotion_recall": {
        "angry": 0.8,
        "happy": 0.48,
        "relaxed": 0.2727272727272727,
        "sad": 0.21428571428571427
      },
      "confusion_matrix": [
        [
          40,
          4,
          1,
          5
        ],
        [
          9,
          12,
          3,
          1
        ],
        [
          1,
          5,
          3,
          2
        ],
        [
          8,
          2,
          1,
          3
        ]
      ],
      "labels": [
        "angry",
        "happy",
        "relaxed",
        "sad"
      ],
      "support": {
        "angry": 50,
        "happy": 25,
        "relaxed": 11,
        "sad": 14
      }
    },
    "hard-rock": {
      "macro_f1": 0.3017570937344148,
      "weighted_f1": 0.36267818798947565,
      "macro_precision": 0.3606266149870801,
      "macro_recall": 0.3413690476190476,
      "per_emotion_f1": {
        "angry": 0.6024096385542169,
        "happy": 0.28,
        "relaxed": 0.14814814814814814,
        "sad": 0.17647058823529413
      },
      "per_emotion_precision": {
        "angry": 0.5813953488372093,
        "happy": 0.19444444444444445,
        "relaxed": 0.16666666666666666,