{
  "classic-pop": {
    "classic-pop": {
      "macro_f1": 0.3016749723145072,
      "weighted_f1": 0.36583384184238477,
      "macro_precision": 0.32045625942684763,
      "macro_recall": 0.3504004576659039,
      "per_emotion_f1": {
        "angry": 0.0,
        "happy": 0.4186046511627907,
        "relaxed": 0.41666666666666663,
        "sad": 0.37142857142857144
      },
      "per_emotion_precision": {
        "angry": 0.0,
        "happy": 0.45,
        "relaxed": 0.5769230769230769,
        "sad": 0.2549019607843137
      },
      "per_emotion_recall": {
        "angry": 0.0,
        "happy": 0.391304347826087,
        "relaxed": 0.32608695652173914,
        "sad": 0.6842105263157895
      },
      "confusion_matrix": [
        [
          0,
          0,
          2,
          8
        ],
        [
          1,
          9,
          5,
          8
        ],
        [
          0,
          9,
          15,
          22
        ],
        [
          0,
          2,
          4,
          13
        ]
      ],
      "labels": [
        "angry",
        "happy",
        "relaxed",
        "sad"
      ],
      "support": {
        "angry": 10,
        "happy": 23,
        "relaxed": 46,
        "sad": 19
      }
    },
    "hip-hop": {
      "macro_f1": 0.1831201770394746,
      "weighted_f1": 0.11259374326402159,
      "macro_precision": 0.47605363984674326,
      "macro_recall": 0.30233766233766235,
      "per_emotion_f1": {
        "angry": 0.03773584905660377,
        "happy": 0.07692307692307693,
        "relaxed": 0.39999999999999997,
        "sad": 0.21782178217821782
      },
      "per_emotion_precision": {
        "angry": 0.3333333333333333,
        "happy": 1.0,
        "relaxed": 0.4444444444444444,
        "sad": 0.12643678160919541
      },
      "per_emotion_recall": {
        "angry": 0.02,
        "happy": 0.04,
        "relaxed": 0.36363636363636365,
        "sad": 0.7857142857142857
      },
      "confusion_matrix": [
        [
          1,
          0,
          0,
          49
        ],
        [
          0,
          1,
          3,
          21
        ],
        [
          1,
          0,
          4,
          6
        ],
        [
          1,
          0,
          2,
          11
        ]
      ],
      "labels": [
        "angry",
        "happy",
        "relaxed",
        "sad"
      ],
      "support": {
        "angry": 50,
        "happy": 25,
        "relaxed": 11,
        "sad": 14
      }
    },
    "hard-rock": {
      "macro_f1": 0.3726692551434819,
      "weighted_f1": 0.3557503891226923,
      "macro_precision": 0.5095238095238095,
      "macro_recall": 0.3872023809523809,
      "per_emotion_f1": {
        "angry": 0.2545454545454546,
        "happy": 0.38095238095238093,
        "relaxed": 0.3809523809523809,
        "sad": 0.4742268041237113
      },
      "per_emotion_precision": {
        "angry": 0.4666666666666667,
        "happy": 0.5714285714285714,
        "relaxed": 0.6666666666666666,
        "sad": 0.3333333333333333
      },
      "per_emotion_recall": {
        "angry": 0.175,
        "happy": 0.2857142857142857,
        "relaxed": 0.26666666666666666,
        "sad": 0.8214285714285714
      },
      "confusion_matrix": [
        [
          7,
          1,
          0,
          32
        ],
        [
          2,
          4,
          2,
          6
        ],
        [
          1,
          2,
          4,
          8
        ],
        [
          5,
          0,
          0,
          23
        ]
      ],
      "labels": [
        "angry",
        "happy",
        "relaxed",
        "sad"
      ],
      "support": {
        "angry": 40,
        "happy": 14,
        "relaxed": 15,
        "sad": 28
      }
    },
    "country": {
      "macro_f1": 0.3058182926603979,
      "weighted_f1": 0.3432948772422456,
      "macro_precision": 0.36669372294372293,
      "macro_recall": 0.34031385281385285,
      "per_emotion_f1": {
        "angry": 0.18181818181818182,
        "happy": 0.21428571428571425,
        "relaxed": 0.43243243243243246,
        "sad": 0.3947368421052631
      },
      "per_emotion_precision": {
        "angry": 0.2857142857142857,
        "happy": 0.375,
        "relaxed": 0.5333333333333333,
        "sad": 0.2727272727272727
      },
      "per_emotion_recall": {
        "angry": 0.13333333333333333,
        "happy": 0.15,
        "relaxed": 0.36363636363636365,
        "sad": 0.7142857142857143
      },
      "confusion_matrix": [
        [
          2,
          0,
          4,
          9
        ],
        [
          1,
          3,
          5,
          11
        ],
        [
          3,
          5,
          16,
          20
        ],
        [
          1,
          0,
          5,
          15
        ]
      ],
      "labels": [
        "angry",
        "happy",
        "relaxed",
        "sad"
      ],
      "support": {
        "angry": 15,
        "happy": 20,
        "relaxed": 44,
        "sad": 21
      }
    }
  },
  "hip-hop": {
    "classic-pop": {
      "macro_f1": 0.26420251104394327,
      "weighted_f1": 0.22281866106126247,
      "macro_precision": 0.2997121925693354,
      "macro_recall": 0.3316933638443936,
      "per_emotion_f1": {
        "angry": 0.34782608695652173,
        "happy": 0.24,
        "relaxed": 0.14545454545454548,
        "sad": 0.32352941176470584
      },
      "per_emotion_precision": {
        "angry": 0.3076923076923077,
        "happy": 0.2222222222222222,
        "relaxed": 0.4444444444444444,
        "sad": 0.22448979591836735
      },
      "per_emotion_recall": {
        "angry": 0.4,
        "happy": 0.2608695652173913,
        "relaxed": 0.08695652173913043,
        "sad": 0.5789473684210527
      },
      "confusion_matrix": [
        [
          4,
          3,
          0,
          3
        ],
        [
          2,
          6,
          5,
          10
        ],
        [
          4,
          13,
          4,
          25
        ],
        [
          3,
          5,
          0,
          11
        ]
      ],
      "labels": [
        "angry",
        "happy",
        "relaxed",
        "sad"
      ],
      "support": {
        "angry": 10,
        "happy": 23,
        "relaxed": 46,
        "sad": 19
      }
    },
    "hip-hop": {
      "macro_f1": 0.34072891846123876,
      "weighted_f1": 0.5044109757376852,
      "macro_precision": 0.3546218487394958,
      "macro_recall": 0.35357142857142854,
      "per_emotion_f1": {
        "angry": 0.7457627118644068,
        "happy": 0.41025641025641024,
        "relaxed": 0.0,
        "sad": 0.20689655172413796
      },
      "per_emotion_precision": {
        "angry": 0.6470588235294118,
        "happy": 0.5714285714285714,
        "relaxed": 0.0,
        "sad": 0.2
      },
      "per_emotion_recall": {
        "angry": 0.88,
        "happy": 0.32,
        "relaxed": 0.0,
        "sad": 0.21428571428571427
      },
      "confusion_matrix": [
        [
          44,
          1,
          1,
          4
        ],
        [
          11,
          8,
          1,
          5
        ],
        [
          4,
          4,
          0,
          3
        ],
        [
          9,
          1,
          1,
          3
        ]
      ],
      "labels": [
        "angry",
        "happy",
        "relaxed",
        "sad"
      ],
      "support": {
        "angry": 50,
        "happy": 25,
        "relaxed": 11,
        "sad": 14
      }
    },
    "hard-rock": {
      "macro_f1": 0.4088185359033256,
      "weighted_f1": 0.47539847682548764,
      "macro_precision": 0.46519607843137256,
      "macro_recall": 0.41547619047619044,
      "per_emotion_f1": {
        "angry": 0.631578947368421,
        "happy": 0.3225806451612903,
        "relaxed": 0.2105263157894737,
        "sad": 0.47058823529411764
      },
      "per_emotion_precision": {
        "angry": 0.6666666666666666,
        "happy": 0.29411764705882354,
        "relaxed": 0.5,