train_genre,classic-pop,hip-hop,hard-rock,country
classic-pop,0.3016749723145072,0.1831201770394746,0.3726692551434819,0.3058182926603979
hip-hop,0.26420251104394327,0.34072891846123876,0.4088185359033256,0.2992661778670278
hard-rock,0.1581775377371555,0.29929813399278327,0.17299699207000274,0.1795959595959596
country,0.29862993584530584,0.1860227491806439,0.33206184421480384,0.3430424210971438
