{
  "classic-pop": {
    "train_loss": [
      1.3925467187708074,
      1.3858075141906738,
      1.381454668261788,
      1.371197153221477,
      1.355471676046198,
      1.3258891268209978,
      1.2712803374637256,
      1.2138897072185169,
      1.1197215237400748,
      1.0088189108805223
    ],
    "val_loss": [
      1.3819388151168823,
      1.3795586029688518,
      1.3741596539815266,
      1.3632677396138508,
      1.3301409880320232,
      1.3102235396703084,
      1.2615098158518474,
      1.2362534602483113,
      1.2087803681691487,
      1.2071250677108765
    ],
    "val_f1": [
      0.15789473684210525,
      0.15789473684210525,
      0.19999999999999998,
      0.3073593073593074,
      0.3574786324786325,
      0.28771328621403586,
      0.3387218045112782,
      0.38383131030189854,
      0.32902097902097904,
      0.34500000000000003
    ],
    "best_epoch": 8,
    "best_val_f1": 0.38383131030189854,
    "total_epochs": 10
  },
  "hip-hop": {
    "train_loss": [
      1.3874905627706777,
      1.3883674041084622,
      1.39063400807588,
      1.37742775419484,
      1.3691301138504692,
      1.3522391060124272,
      1.3157357806744783,
      1.2322774555372156,
      1.153620139412258,
      1.0387634323990864
    ],
    "val_loss": [
      1.3806814750035603,
      1.3791671593983967,
      1.3768169085184734,
      1.3749780654907227,
      1.3685512940088909,
      1.3550389607747395,
      1.3247067133585613,
      1.3315511147181194,
      1.301587462425232,
      1.2959485054016113
    ],
    "val_f1": [
      0.16666666666666669,
      0.22794117647058823,
      0.27976190476190477,
      0.2833742833742834,
      0.29573170731707316,
      0.35176903200159015,
      0.3145431145431145,
      0.39811296859169204,
      0.36607142857142855,
      0.2765567765567766
    ],
    "best_epoch": 8,
    "best_val_f1": 0.39811296859169204,
    "total_epochs": 10
  },
  "hard-rock": {
    "train_loss": [
      1.3809973705898633,
      1.3774878165938638,
      1.3791169903495095,
      1.3745844039050015,
      1.3639894832264294,
      1.3273131468079307,
      1.2921689586205916
    ],
    "val_loss": [
      1.3813101450602214,
      1.3791353305180867,
      1.3769699732462566,
      1.3718985319137573,
      1.3605934381484985,
      1.3461899360020955,
      1.3226857582728069
    ],
    "val_f1": [
      0.26778309409888357,
      0.21622495151906918,
      0.25595238095238093,
      0.3490079365079365,
      0.31377323656735423,
      0.33827718175544264,
      0.32456140350877194
    ],
    "best_epoch": 4,
    "best_val_f1": 0.3490079365079365,
    "total_epochs": 7
  },
  "country": {
    "train_loss": [
      1.389250019322271,
      1.3893286508062612,
      1.3847728864006374,
      1.3791891491931418,
      1.3741573717283166,
      1.356061391208483,
      1.3262330915616907,
      1.2746932558391406
    ],
    "val_loss": [
      1.3788868983586628,
      1.3784099817276,
      1.3771154880523682,
      1.3766133387883503,
      1.373690923055013,
      1.3715197642644246,
      1.35745108127594,
      1.3399197260538738
    ],
    "val_f1": [
      0.13068181818181818,
      0.13068181818181818,
      0.16758563074352548,
      0.2403846153846154,
      0.36914936914936913,
      0.1595744680851064,
      0.2781954887218045,
      0.31771771771771773
    ],
    "best_epoch": 5,
    "best_val_f1": 0.36914936914936913,
    "total_epochs": 8
  }
}